[
    {
        "type":"start-factory-event",
        "timestamp":0,
        "factory-id":0,
        "recipe":"coal"
    },
    {
        "type":"build-factory-event",
        "timestamp":60,
        "factory-type":"burner-mining-drill",
        "factory-name":"coal-mine",
        "factory-id":1
    },
    {
        "type":"start-factory-event",
        "timestamp":60,
        "factory-id":1,
        "recipe":"coal-burner"
    },
    {
        "type":"start-factory-event",
        "timestamp":60,
        "factory-id":0,
        "recipe":"iron-ore"
    },
    {
        "type":"build-factory-event",
        "timestamp":120,
        "factory-type":"stone-furnace",
        "factory-name":"iron-smelter",
        "factory-id":2
    },
    {
        "type":"start-factory-event",
        "timestamp":120,
        "factory-id":2,
        "recipe":"iron-plate-burner"
    },
    {
        "type":"victory-event",
        "timestamp":6600
    }
]
