{
    "assembling-machine-1":{
        "crafting_speed":0.5,
        "crafting_categories":{
            "crafting":true,
            "basic-crafting":true,
            "advanced-crafting":true
        }
    },
    "assembling-machine-2":{
        "crafting_speed":0.75,
        "crafting_categories":{
            "basic-crafting":true,
            "crafting":true,
            "advanced-crafting":true,
            "crafting-with-fluid":true
        }
    },
    "assembling-machine-3":{
        "crafting_speed":1.25,
        "crafting_categories":{
            "basic-crafting":true,
            "crafting":true,
            "advanced-crafting":true,
            "crafting-with-fluid":true
        }
    },
    "oil-refinery":{
        "crafting_speed":1,
        "crafting_categories":{
            "oil-processing":true
        }
    },
    "chemical-plant":{
        "crafting_speed":1,
        "crafting_categories":{
            "chemistry":true
        }
    },
    "player":{
        "crafting_speed":1.0,
        "crafting_categories":{
            "basic-crafting":true,
            "crafting":true,
            "advanced-crafting":true,
            "wood-crafting":true,
            "basic-solid":true
        }
    },
    "rocket-silo":{
        "crafting_speed":1.0,
        "crafting_categories":{
            "rocket-building":true
        }
    },
    "stone-furnace":{
        "crafting_speed":1,
        "crafting_categories":{
            "basic-smelting":true
        }
    },
    "steel-furnace":{
        "crafting_speed":2,
        "crafting_categories":{
            "smelting":true
        }
    },
    "electric-furnace":{
        "crafting_speed":2,
        "crafting_categories":{
            "advanced-smelting":true
        }
    },
    "burner-mining-drill":{
        "crafting_speed":0.25,
        "crafting_categories":{
            "burner-solid":true
        }
    },
    "electric-mining-drill":{
        "crafting_speed":0.5,
        "crafting_categories":{
            "basic-solid":true
        }
    },
    "pumpjack":{
        "crafting_speed":1,
        "crafting_categories":{
            "basic-fluid":true
        }
    },
    "offshore-pump":{
        "crafting_speed":1,
        "crafting_categories":{
            "water-pump":true
        }
    }
}