{
    "wooden-chest":{
        "type":"item"
    },
    "iron-chest":{
        "type":"item"
    },
    "steel-chest":{
        "type":"item"
    },
    "storage-tank":{
        "type":"item"
    },
    "transport-belt":{
        "type":"item"
    },
    "fast-transport-belt":{
        "type":"item"
    },
    "express-transport-belt":{
        "type":"item"
    },
    "underground-belt":{
        "type":"item"
    },
    "fast-underground-belt":{
        "type":"item"
    },
    "express-underground-belt":{
        "type":"item"
    },
    "splitter":{
        "type":"item"
    },
    "fast-splitter":{
        "type":"item"
    },
    "express-splitter":{
        "type":"item"
    },
    "loader":{
        "type":"item"
    },
    "fast-loader":{
        "type":"item"
    },
    "express-loader":{
        "type":"item"
    },
    "burner-inserter":{
        "type":"item"
    },
    "inserter":{
        "type":"item"
    },
    "long-handed-inserter":{
        "type":"item"
    },
    "fast-inserter":{
        "type":"item"
    },
    "filter-inserter":{
        "type":"item"
    },
    "stack-inserter":{
        "type":"item"
    },
    "stack-filter-inserter":{
        "type":"item"
    },
    "small-electric-pole":{
        "type":"item"
    },
    "medium-electric-pole":{
        "type":"item"
    },
    "big-electric-pole":{
        "type":"item"
    },
    "substation":{
        "type":"item"
    },
    "pipe":{
        "type":"item"
    },
    "pipe-to-ground":{
        "type":"item"
    },
    "pump":{
        "type":"item"
    },
    "rail":{
        "type":"rail-planner"
    },
    "train-stop":{
        "type":"item"
    },
    "rail-signal":{
        "type":"item"
    },
    "rail-chain-signal":{
        "type":"item"
    },
    "locomotive":{
        "type":"item-with-entity-data"
    },
    "cargo-wagon":{
        "type":"item-with-entity-data"
    },
    "fluid-wagon":{
        "type":"item-with-entity-data"
    },
    "artillery-wagon":{
        "type":"item-with-entity-data"
    },
    "car":{
        "type":"item-with-entity-data"
    },
    "tank":{
        "type":"item-with-entity-data"
    },
    "spidertron":{
        "type":"item-with-entity-data"
    },
    "spidertron-remote":{
        "type":"spidertron-remote"
    },
    "small-plane":{
        "type":"item"
    },
    "logistic-robot":{
        "type":"item"
    },
    "construction-robot":{
        "type":"item"
    },
    "logistic-chest-active-provider":{
        "type":"item"
    },
    "logistic-chest-passive-provider":{
        "type":"item"
    },
    "logistic-chest-storage":{
        "type":"item"
    },
    "logistic-chest-buffer":{
        "type":"item"
    },
    "logistic-chest-requester":{
        "type":"item"
    },
    "roboport":{
        "type":"item"
    },
    "small-lamp":{
        "type":"item"
    },
    "red-wire":{
        "type":"item"
    },
    "green-wire":{
        "type":"item"
    },
    "arithmetic-combinator":{
        "type":"item"
    },
    "decider-combinator":{
        "type":"item"
    },
    "constant-combinator":{
        "type":"item"
    },
    "power-switch":{
        "type":"item"
    },
    "programmable-speaker":{
        "type":"item"
    },
    "stone-brick":{
        "type":"item"
    },
    "concrete":{
        "type":"item"
    },
    "hazard-concrete":{
        "type":"item"
    },
    "refined-concrete":{
        "type":"item"
    },
    "refined-hazard-concrete":{
        "type":"item"
    },
    "landfill":{
        "type":"item"
    },
    "cliff-explosives":{
        "type":"capsule"
    },
    "repair-pack":{
        "type":"repair-tool"
    },
    "boiler":{
        "type":"item"
    },
    "steam-engine":{
        "type":"item"
    },
    "solar-panel":{
        "type":"item"
    },
    "accumulator":{
        "type":"item"
    },
    "nuclear-reactor":{
        "type":"item"
    },
    "heat-pipe":{
        "type":"item"
    },
    "heat-exchanger":{
        "type":"item"
    },
    "steam-turbine":{
        "type":"item"
    },
    "burner-mining-drill":{
        "type":"item"
    },
    "electric-mining-drill":{
        "type":"item"
    },
    "offshore-pump":{
        "type":"item"
    },
    "pumpjack":{
        "type":"item"
    },
    "stone-furnace":{
        "type":"item"
    },
    "steel-furnace":{
        "type":"item"
    },
    "electric-furnace":{
        "type":"item"
    },
    "assembling-machine-1":{
        "type":"item"
    },
    "assembling-machine-2":{
        "type":"item"
    },
    "assembling-machine-3":{
        "type":"item"
    },
    "oil-refinery":{
        "type":"item"
    },
    "chemical-plant":{
        "type":"item"
    },
    "lab":{
        "type":"item"
    },
    "beacon":{
        "type":"item"
    },
    "speed-module":{
        "type":"module"
    },
    "speed-module-2":{
        "type":"module"
    },
    "speed-module-3":{
        "type":"module"
    },
    "effectivity-module":{
        "type":"module"
    },
    "effectivity-module-2":{
        "type":"module"
    },
    "effectivity-module-3":{
        "type":"module"
    },
    "productivity-module":{
        "type":"module"
    },
    "productivity-module-2":{
        "type":"module"
    },
    "productivity-module-3":{
        "type":"module"
    },
    "wood":{
        "type":"item"
    },
    "coal":{
        "type":"item"
    },
    "stone":{
        "type":"item"
    },
    "iron-ore":{
        "type":"item"
    },
    "copper-ore":{
        "type":"item"
    },
    "raw-fish":{
        "type":"capsule"
    },
    "iron-plate":{
        "type":"item"
    },
    "copper-plate":{
        "type":"item"
    },
    "solid-fuel":{
        "type":"item"
    },
    "steel-plate":{
        "type":"item"
    },
    "plastic-bar":{
        "type":"item"
    },
    "sulfur":{
        "type":"item"
    },
    "battery":{
        "type":"item"
    },
    "explosives":{
        "type":"item"
    },
    "crude-oil-barrel":{
        "type":"item"
    },
    "heavy-oil-barrel":{
        "type":"item"
    },
    "light-oil-barrel":{
        "type":"item"
    },
    "lubricant-barrel":{
        "type":"item"
    },
    "petroleum-gas-barrel":{
        "type":"item"
    },
    "sulfuric-acid-barrel":{
        "type":"item"
    },
    "water-barrel":{
        "type":"item"
    },
    "copper-cable":{
        "type":"item"
    },
    "iron-stick":{
        "type":"item"
    },
    "iron-gear-wheel":{
        "type":"item"
    },
    "empty-barrel":{
        "type":"item"
    },
    "electronic-circuit":{
        "type":"item"
    },
    "advanced-circuit":{
        "type":"item"
    },
    "processing-unit":{
        "type":"item"
    },
    "engine-unit":{
        "type":"item"
    },
    "electric-engine-unit":{
        "type":"item"
    },
    "flying-robot-frame":{
        "type":"item"
    },
    "satellite":{
        "type":"item"
    },
    "rocket-control-unit":{
        "type":"item"
    },
    "low-density-structure":{
        "type":"item"
    },
    "rocket-fuel":{
        "type":"item"
    },
    "rocket-part":{
        "type":"item"
    },
    "automation-science-pack":{
        "type":"tool"
    },
    "logistic-science-pack":{
        "type":"tool"
    },
    "military-science-pack":{
        "type":"tool"
    },
    "chemical-science-pack":{
        "type":"tool"
    },
    "production-science-pack":{
        "type":"tool"
    },
    "utility-science-pack":{
        "type":"tool"
    },
    "space-science-pack":{
        "type":"tool"
    },
    "pistol":{
        "type":"gun"
    },
    "submachine-gun":{
        "type":"gun"
    },
    "shotgun":{
        "type":"gun"
    },
    "combat-shotgun":{
        "type":"gun"
    },
    "railgun":{
        "type":"gun"
    },
    "rocket-launcher":{
        "type":"gun"
    },
    "flamethrower":{
        "type":"gun"
    },
    "land-mine":{
        "type":"item"
    },
    "firearm-magazine":{
        "type":"ammo"
    },
    "piercing-rounds-magazine":{
        "type":"ammo"
    },
    "shotgun-shell":{
        "type":"ammo"
    },
    "piercing-shotgun-shell":{
        "type":"ammo"
    },
    "railgun-dart":{
        "type":"ammo"
    },
    "cannon-shell":{
        "type":"ammo"
    },
    "explosive-cannon-shell":{
        "type":"ammo"
    },
    "artillery-shell":{
        "type":"ammo"
    },
    "rocket":{
        "type":"ammo"
    },
    "explosive-rocket":{
        "type":"ammo"
    },
    "flamethrower-ammo":{
        "type":"ammo"
    },
    "grenade":{
        "type":"capsule"
    },
    "cluster-grenade":{
        "type":"capsule"
    },
    "poison-capsule":{
        "type":"capsule"
    },
    "slowdown-capsule":{
        "type":"capsule"
    },
    "defender-capsule":{
        "type":"capsule"
    },
    "distractor-capsule":{
        "type":"capsule"
    },
    "destroyer-capsule":{
        "type":"capsule"
    },
    "light-armor":{
        "type":"armor"
    },
    "heavy-armor":{
        "type":"armor"
    },
    "modular-armor":{
        "type":"armor"
    },
    "power-armor":{
        "type":"armor"
    },
    "power-armor-mk2":{
        "type":"armor"
    },
    "solar-panel-equipment":{
        "type":"item"
    },
    "fusion-reactor-equipment":{
        "type":"item"
    },
    "battery-equipment":{
        "type":"item"
    },
    "battery-mk2-equipment":{
        "type":"item"
    },
    "belt-immunity-equipment":{
        "type":"item"
    },
    "exoskeleton-equipment":{
        "type":"item"
    },
    "personal-roboport-equipment":{
        "type":"item"
    },
    "personal-roboport-mk2-equipment":{
        "type":"item"
    },
    "night-vision-equipment":{
        "type":"item"
    },
    "energy-shield-equipment":{
        "type":"item"
    },
    "energy-shield-mk2-equipment":{
        "type":"item"
    },
    "personal-laser-defense-equipment":{
        "type":"item"
    },
    "discharge-defense-equipment":{
        "type":"item"
    },
    "discharge-defense-remote":{
        "type":"capsule"
    },
    "stone-wall":{
        "type":"item"
    },
    "gate":{
        "type":"item"
    },
    "gun-turret":{
        "type":"item"
    },
    "laser-turret":{
        "type":"item"
    },
    "flamethrower-turret":{
        "type":"item"
    },
    "artillery-turret":{
        "type":"item"
    },
    "artillery-targeting-remote":{
        "type":"capsule"
    },
    "radar":{
        "type":"item"
    },
    "rocket-silo":{
        "type":"item"
    },
    "player-port":{
        "type":"item"
    },
    "electric-energy-interface":{
        "type":"item"
    },
    "water":{
        "type":"fluid"
    },
    "crude-oil":{
        "type":"fluid"
    },
    "heavy-oil":{
        "type":"fluid"
    },
    "light-oil":{
        "type":"fluid"
    },
    "petroleum-gas":{
        "type":"fluid"
    },
    "sulfuric-acid":{
        "type":"fluid"
    },
    "lubricant":{
        "type":"fluid"
    }
}